<?xml version="1.0"?>
<!--
/**
 * Copyright 2016 Resurs Bank AB
 *
 * Licensed under the Apache License, Version 2.0 (the "License");
 * you may not use this file except in compliance with the License.
 * You may obtain a copy of the License at
 *
 * http://www.apache.org/licenses/LICENSE-2.0
 *
 * Unless required by applicable law or agreed to in writing, software
 * distributed under the License is distributed on an "AS IS" BASIS,
 * WITHOUT WARRANTIES OR CONDITIONS OF ANY KIND, either express or implied.
 * See the License for the specific language governing permissions and
 * limitations under the License.
 */
-->
<config xmlns:xsi="http://www.w3.org/2001/XMLSchema-instance" xsi:noNamespaceSchemaLocation="urn:magento:module:Magento_Config:etc/system_file.xsd">
    <system>
        <tab id="resursbank" translate="label" sortOrder="900">
            <label>Resursbank</label>
        </tab>
        <section id="omnicheckout" translate="label" sortOrder="0" showInDefault="1" showInWebsite="1" showInStore="1">
            <class>separator-top</class>
            <label>OmniCheckout</label>
            <tab>resursbank</tab>
            <resource>Resursbank_OmniCheckout::config_omnicheckout</resource>
            <group id="api" translate="label" sortOrder="1" showInDefault="1" showInWebsite="1" showInStore="1">
                <label>API Settings</label>
                <field id="debug_enabled" translate="label" type="select" sortOrder="0" showInDefault="1" showInWebsite="1" showInStore="1">
                    <label>Debugger Enabled</label>
                    <source_model>Magento\Config\Model\Config\Source\Yesno</source_model>
                </field>
                <field id="username" translate="label" type="text" sortOrder="1" showInDefault="1" showInWebsite="1" showInStore="1">
                    <label>Username</label>
                </field>
                <field id="password" translate="label" type="password" sortOrder="2" showInDefault="1" showInWebsite="1" showInStore="1">
                    <label>Password</label>
                </field>
                <field id="test_mode" translate="label" type="select" sortOrder="3" showInDefault="1" showInWebsite="1" showInStore="1">
                    <label>Test Mode</label>
                    <source_model>Magento\Config\Model\Config\Source\Yesno</source_model>
                </field>
                <field id="unit_measure" translate="label" type="text" sortOrder="4" showInDefault="1" showInWebsite="1" showInStore="1">
                    <label>Unit Measure</label>
                </field>
            </group>
            <group id="callback" translate="label" sortOrder="2" showInDefault="1" showInWebsite="1" showInStore="1">
                <label>Callback Settings</label>
                <field id="debug_enabled" translate="label" type="select" sortOrder="0" showInDefault="1" showInWebsite="1" showInStore="1">
                    <label>Debugger Enabled</label>
                    <source_model>Magento\Config\Model\Config\Source\Yesno</source_model>
                </field>
                <field id="basic_username" translate="label" type="text" sortOrder="3" showInDefault="1" showInWebsite="1" showInStore="1">
                    <label>Basic Auth Username</label>
                </field>
                <field id="basic_password" translate="label" type="text" sortOrder="4" showInDefault="1" showInWebsite="1" showInStore="1">
                    <label>Basic Auth Password</label>
                </field>
                <field id="url_registration" translate="label" type="button" sortOrder="5" showInDefault="1" showInWebsite="1" showInStore="1">
                    <label>Callback Registration</label>
                    <frontend_model>Resursbank\OmniCheckout\Block\Adminhtml\System\Config\Callback\Registration</frontend_model>
                </field>
                <field id="url_list" translate="label" sortOrder="6" showInDefault="1" showInWebsite="1" showInStore="1">
                    <frontend_model>Resursbank\OmniCheckout\Block\Adminhtml\System\Config\Callback\Listing</frontend_model>
                </field>
            </group>
            <group id="ecom" translate="label" sortOrder="1" showInDefault="1" showInWebsite="1" showInStore="1">
                <label>ECom Integration Settings</label>
                <field id="enabled" translate="label" type="select" sortOrder="0" showInDefault="1" showInWebsite="1" showInStore="1">
                    <label>Enabled</label>
                    <source_model>Magento\Config\Model\Config\Source\Yesno</source_model>
                </field>
            </group>
        </section>
    </system>
</config>
