[
  {
    "id": "RESURS_INVOICE",
    "translation": {
      "en": "USP not available in English",
      "sv":  "Betala senare utan avgift"
    }
  },
  {
    "id": "RESURS_PART_PAYMENT",
    "translation": {
      "en": "USP not available in English",
      "sv": "Betala i din takt"
    }
  },
  {
    "id": "RESURS_CARD",
    "translation": {
      "en": "USP not available in English",
      "sv": "Köp nu, betala senare"
    }
  },
  {
    "id": "RESURS_CREDIT_CARD",
    "translation": {
      "en": "USP not available in English",
      "sv": "Köp nu, betala senare"
    }
  },
  {
    "id": "RESURS_NEW_CARD",
    "translation": {
      "en": "USP not available in English",
      "sv": "Betala allt eller dela upp"
    }
  },
  {
    "id": "RESURS_REVOLVING_CREDIT",
    "translation": {
      "en": "USP not available in English",
      "sv": "Köp nu, betala senare"
    }
  },
  {
    "id": "RESURS_NEW_REVOLVING_CREDIT",
    "translation": {
      "en": "USP not available in English",
      "sv": "Betala allt eller dela upp"
    }
  },
  {
    "id": "SWISH",
    "translation": {
      "en": "USP not available in English",
      "sv": "Godkänn betalningen i Swishappen på din telefon."
    }
  },
  {
    "id": "CREDIT_CARD",
    "translation": {
      "en": "USP not available in English",
      "sv": "Betala ditt köp med ditt VISA eller Mastercard. Transaktionen sker via certifierad betalväxel och med SSL-kryptering vilket innebär att ingen obehörig kan se dina uppgifter. Inga kortuppgifter hanteras eller sparas av Resurs Bank. Vi accepterar inte kort som är utfärdade av en bank utanför norden."
    }
  },
  {
    "id": "DEBIT_CARD",
    "translation": {
      "en": "USP not available in English",
      "sv": "Betala ditt köp med ditt VISA eller Mastercard. Transaktionen sker via certifierad betalväxel och med SSL-kryptering vilket innebär att ingen obehörig kan se dina uppgifter. Inga kortuppgifter hanteras eller sparas av Resurs Bank. Vi accepterar inte kort som är utfärdade av en bank utanför norden."
    }
  }
]
