<?xml version="1.0"?>
<config>
    <tabs>
        <resursbank_hostedflow translate="label">
            <label>Resursbank</label>
            <sort_order>10</sort_order>
        </resursbank_hostedflow>
    </tabs>
    <sections>
        <adv_config translate="label" module="hostedflow">
            <label>Hosted Flow Advanced Configuration</label>
            <tab>resursbank_hostedflow</tab>
            <sort_order>10</sort_order>
            <show_in_default>1</show_in_default>
            <show_in_website>1</show_in_website>
            <show_in_store>1</show_in_store>
            <groups>
                <testing translate="label comment">
                    <label>Testing</label>
                    <sort_order>10</sort_order>
                    <show_in_default>1</show_in_default>
                    <show_in_website>1</show_in_website>
                    <show_in_store>1</show_in_store>
                    <fields>
                        <is_active translate="label comment">
                            <label>Activate Test Mode</label>
                            <frontend_type>select</frontend_type>
                            <sort_order>10</sort_order>
                            <source_model>adminhtml/system_config_source_yesno</source_model>
                            <show_in_default>1</show_in_default>
                            <show_in_website>1</show_in_website>
                            <show_in_store>1</show_in_store>
                        </is_active>
                    </fields>
                    <fields>
                        <test_mode_url translate="label comment">
                            <label>PaymentFlow Test URL</label>
                            <comment>Text field with store view scope.</comment>
                            <frontend_type>text</frontend_type>
                            <sort_order>20</sort_order>
                            <show_in_default>1</show_in_default>
                            <show_in_website>1</show_in_website>
                            <show_in_store>1</show_in_store>
                        </test_mode_url>
                    </fields>
                </testing>
                <credentials>
                    <label>Merchant credentials</label>
                    <sort_order>20</sort_order>
                    <show_in_default>1</show_in_default>
                    <show_in_website>1</show_in_website>
                    <show_in_store>1</show_in_store>
                    <fields>
                    <merchantlogin>
                        <label>Merchant Login</label>
                        <frontend_type>text</frontend_type>
                        <show_in_default>1</show_in_default>
                        <show_in_website>1</show_in_website>
                        <show_in_store>1</show_in_store>
                        <sort_order>6</sort_order>
                    </merchantlogin>
                    <merchantpassword>
                        <label>Merchant Password</label>
                        <frontend_type>password</frontend_type>
                        <show_in_default>1</show_in_default>
                        <show_in_website>1</show_in_website>
                        <show_in_store>1</show_in_store>
                        <sort_order>7</sort_order>
                    </merchantpassword>
                    </fields>
                </credentials>
                <messages>
                    <label>Special Messages</label>
                    <sort_order>30</sort_order>
                    <show_in_default>1</show_in_default>
                    <show_in_website>1</show_in_website>
                    <show_in_store>1</show_in_store>
                    <fields>
                        <success_message translate="payment success">
                            <label>Payment Success Message</label>
                            <comment>Will be shown to customer when payment finished successfully</comment>
                            <frontend_type>text</frontend_type>
                            <sort_order>10</sort_order>
                            <show_in_default>1</show_in_default>
                            <show_in_website>1</show_in_website>
                            <show_in_store>1</show_in_store>
                        </success_message>
                    </fields>
                    <fields>
                        <fail_message translate="payment failed">
                            <label>Payment Fail Message</label>
                            <comment>Will be shown to customer when payment failed</comment>
                            <frontend_type>text</frontend_type>
                            <sort_order>20</sort_order>
                            <show_in_default>1</show_in_default>
                            <show_in_website>1</show_in_website>
                            <show_in_store>1</show_in_store>
                        </fail_message>
                    </fields>
                </messages>
            </groups>
        </adv_config>
        <payment>
            <groups>
                <hostedflow translate="label" module="hostedflow">
                    <label>ResursBank Hosted Flow Module</label>
                    <sort_order>1000</sort_order>
                    <show_in_default>1</show_in_default>
                    <show_in_website>1</show_in_website>
                    <show_in_store>0</show_in_store>
                    <fields>
                        <title translate="label">
                            <label>Title</label>
                            <frontend_type>text</frontend_type>
                            <show_in_default>1</show_in_default>
                            <show_in_website>1</show_in_website>
                            <show_in_store>0</show_in_store>
                            <sort_order>1</sort_order>
                        </title>
                        <active translate="label">
                            <label>Enabled</label>
                            <frontend_type>select</frontend_type>
                            <source_model>adminhtml/system_config_source_yesno</source_model>
                            <show_in_default>1</show_in_default>
                            <show_in_website>1</show_in_website>
                            <show_in_store>0</show_in_store>
                            <sort_order>2</sort_order>
                        </active>
                        <service_url>
                            <label>Environment URL</label>
                            <frontend_type>text</frontend_type>
                            <show_in_default>1</show_in_default>
                            <show_in_website>1</show_in_website>
                            <show_in_store>0</show_in_store>
                            <sort_order>1</sort_order>
                        </service_url>
                        <wsdl_service_url>
                            <label>WSDL URL</label>
                            <frontend_type>text</frontend_type>
                            <show_in_default>1</show_in_default>
                            <show_in_website>1</show_in_website>
                            <show_in_store>0</show_in_store>
                            <sort_order>1</sort_order>
                        </wsdl_service_url>
                        <order_status translate="label">
                            <label>New order status</label>
                            <frontend_type>select</frontend_type>
                            <source_model>adminhtml/system_config_source_order_status</source_model>
                            <show_in_default>1</show_in_default>
                            <show_in_website>1</show_in_website>
                            <show_in_store>0</show_in_store>
                            <sort_order>3</sort_order>
                        </order_status>
                        <allowspecific translate="label">
                            <label>Payment from applicable countries</label>
                            <frontend_type>allowspecific</frontend_type>
                            <source_model>adminhtml/system_config_source_payment_allspecificcountries</source_model>
                            <show_in_default>1</show_in_default>
                            <show_in_website>1</show_in_website>
                            <show_in_store>1</show_in_store>
                            <sort_order>4</sort_order>
                        </allowspecific>
                        <specificcountry translate="label">
                            <label>Payment from Specific countries</label>
                            <frontend_type>multiselect</frontend_type>
                            <source_model>adminhtml/system_config_source_country</source_model>
                            <show_in_default>1</show_in_default>
                            <show_in_website>1</show_in_website>
                            <show_in_store>1</show_in_store>
                            <sort_order>5</sort_order>
                        </specificcountry>
                    </fields>
                </hostedflow>
            </groups>
        </payment>
    </sections>
</config>