<?xml version="1.0"?>
<config>
    <tabs>
        <resursbank translate="label" module="omnicheckout">
            <label>Resursbank</label>
            <sort_order>9999999</sort_order>
        </resursbank>
    </tabs>
    <sections>
        <omnicheckout translate="label" module="omnicheckout">
            <class>separator-top</class>
            <label>Omnicheckout</label>
            <tab>resursbank</tab>
            <sort_order>500</sort_order>
            <show_in_default>1</show_in_default>
            <show_in_website>1</show_in_website>
            <show_in_store>1</show_in_store>
            <groups>
                <general translate="label">
                    <label>General Settings</label>
                    <frontend_type>text</frontend_type>
                    <sort_order>0</sort_order>
                    <show_in_default>1</show_in_default>
                    <show_in_website>1</show_in_website>
                    <show_in_store>1</show_in_store>
                    <fields>
                        <enabled translate="label">
                            <label>Enabled</label>
                            <frontend_type>select</frontend_type>
                            <source_model>adminhtml/system_config_source_yesno</source_model>
                            <sort_order>0</sort_order>
                            <show_in_default>1</show_in_default>
                            <show_in_website>1</show_in_website>
                            <show_in_store>1</show_in_store>
                        </enabled>
                    </fields>
                </general>
                <api translate="label">
                    <label>API Settings</label>
                    <frontend_type>text</frontend_type>
                    <sort_order>1</sort_order>
                    <show_in_default>1</show_in_default>
                    <show_in_website>1</show_in_website>
                    <show_in_store>1</show_in_store>
                    <fields>
                        <debug_enabled translate="label">
                            <label>Debugger Enabled</label>
                            <frontend_type>select</frontend_type>
                            <source_model>adminhtml/system_config_source_yesno</source_model>
                            <sort_order>0</sort_order>
                            <show_in_default>1</show_in_default>
                            <show_in_website>1</show_in_website>
                            <show_in_store>1</show_in_store>
                        </debug_enabled>
                        <username translate="label">
                            <label>Username</label>
                            <frontend_type>text</frontend_type>
                            <sort_order>1</sort_order>
                            <show_in_default>1</show_in_default>
                            <show_in_website>1</show_in_website>
                            <show_in_store>1</show_in_store>
                        </username>
                        <password translate="label">
                            <label>Password</label>
                            <frontend_type>password</frontend_type>
                            <sort_order>2</sort_order>
                            <show_in_default>1</show_in_default>
                            <show_in_website>1</show_in_website>
                            <show_in_store>1</show_in_store>
                        </password>
                        <test_mode translate="label">
                            <label>Test Mode</label>
                            <frontend_type>select</frontend_type>
                            <source_model>adminhtml/system_config_source_yesno</source_model>
                            <sort_order>3</sort_order>
                            <show_in_default>1</show_in_default>
                            <show_in_website>1</show_in_website>
                            <show_in_store>1</show_in_store>
                        </test_mode>
                        <weight_unit translate="label">
                            <label>Weight Unit</label>
                            <frontend_type>text</frontend_type>
                            <sort_order>4</sort_order>
                            <show_in_default>1</show_in_default>
                            <show_in_website>1</show_in_website>
                            <show_in_store>1</show_in_store>
                        </weight_unit>
                    </fields>
                </api>
                <callback translate="label">
                    <label>Callback Settings</label>
                    <frontend_type>text</frontend_type>
                    <sort_order>2</sort_order>
                    <show_in_default>1</show_in_default>
                    <show_in_website>1</show_in_website>
                    <show_in_store>1</show_in_store>
                    <fields>
                        <debug_enabled translate="label">
                            <label>Debugger Enabled</label>
                            <frontend_type>select</frontend_type>
                            <source_model>adminhtml/system_config_source_yesno</source_model>
                            <sort_order>0</sort_order>
                            <show_in_default>1</show_in_default>
                            <show_in_website>1</show_in_website>
                            <show_in_store>1</show_in_store>
                        </debug_enabled>
                        <basic_username translate="label">
                            <label>Basic Auth Username</label>
                            <frontend_type>text</frontend_type>
                            <sort_order>3</sort_order>
                            <show_in_default>1</show_in_default>
                            <show_in_website>1</show_in_website>
                            <show_in_store>1</show_in_store>
                        </basic_username>
                        <basic_password translate="label">
                            <label>Basic Auth Password</label>
                            <frontend_type>text</frontend_type>
                            <sort_order>4</sort_order>
                            <show_in_default>1</show_in_default>
                            <show_in_website>1</show_in_website>
                            <show_in_store>1</show_in_store>
                        </basic_password>
                        <url_registration translate="label">
                            <label>Callback Registration</label>
                            <frontend_type>button</frontend_type>
                            <frontend_model>omnicheckout/adminhtml_system_config_callback_register</frontend_model>
                            <sort_order>5</sort_order>
                            <show_in_default>1</show_in_default>
                            <show_in_website>1</show_in_website>
                            <show_in_store>1</show_in_store>
                        </url_registration>
                        <url_list translate="label">
                            <frontend_model>omnicheckout/adminhtml_system_config_callback_list</frontend_model>
                            <sort_order>6</sort_order>
                            <show_in_default>1</show_in_default>
                            <show_in_website>1</show_in_website>
                            <show_in_store>1</show_in_store>
                        </url_list>
                    </fields>
                </callback>
            </groups>
        </omnicheckout>
    </sections>
</config>
