{
	"info": {
		"_postman_id": "57f6d60b-5681-4400-a608-29cd81f37add",
		"name": "Payment management for partners",
		"schema": "https://schema.getpostman.com/json/collection/v2.1.0/collection.json"
	},
	"item": [
		{
			"name": "Capture Payment",
			"event": [
				{
					"listen": "test",
					"script": {
						"exec": [
							"",
							""
						],
						"type": "text/javascript"
					}
				},
				{
					"listen": "prerequest",
					"script": {
						"exec": [
							"console.log('Capture payment v2');",
							""
						],
						"type": "text/javascript"
					}
				}
			],
			"request": {
				"auth": {
					"type": "bearer",
					"bearer": [
						{
							"key": "token",
							"value": "{{myTokenPaymentV2}}",
							"type": "string"
						}
					]
				},
				"method": "POST",
				"header": [],
				"body": {
					"mode": "raw",
					"raw": "{\n  \"creator\": \"salesperson/system\",\n  \"orderLines\": [\n    {\n        \"description\": \"Book\",\n        \"quantity\": 1,\n        \"quantityUnit\": \"pcs\",\n        \"vatRate\": 25,\n        \"totalAmountIncludingVat\": 500.0\n        }\n  ]\n}",
					"options": {
						"raw": {
							"language": "json"
						}
					}
				},
				"url": {
					"raw": "https://merchant-api.integration.resurs.com/v2/payments/{{payment_id}}/capture",
					"protocol": "https",
					"host": [
						"merchant-api",
						"integration",
						"resurs",
						"com"
					],
					"path": [
						"v2",
						"payments",
						"{{payment_id}}",
						"capture"
					]
				}
			},
			"response": []
		},
		{
			"name": "Refund Payment",
			"event": [
				{
					"listen": "test",
					"script": {
						"exec": [
							""
						],
						"type": "text/javascript"
					}
				},
				{
					"listen": "prerequest",
					"script": {
						"exec": [
							"console.log('Capture payment v2');",
							""
						],
						"type": "text/javascript"
					}
				}
			],
			"request": {
				"auth": {
					"type": "bearer",
					"bearer": [
						{
							"key": "token",
							"value": "{{myTokenPaymentV2}}",
							"type": "string"
						}
					]
				},
				"method": "POST",
				"header": [],
				"body": {
					"mode": "raw",
					"raw": "{\n  \"creator\": \"salesperson/system\",\n  \"orderLines\": [\n    {\n        \"description\": \"Book\",\n        \"quantity\": 1,\n        \"quantityUnit\": \"pcs\",\n        \"vatRate\": 25,\n        \"totalAmountIncludingVat\": 500.0\n        }\n  ]\n}",
					"options": {
						"raw": {
							"language": "json"
						}
					}
				},
				"url": {
					"raw": "https://merchant-api.integration.resurs.com/v2/payments/{{payment_id}}/refund",
					"protocol": "https",
					"host": [
						"merchant-api",
						"integration",
						"resurs",
						"com"
					],
					"path": [
						"v2",
						"payments",
						"{{payment_id}}",
						"refund"
					]
				}
			},
			"response": []
		},
		{
			"name": "Cancel Payment",
			"event": [
				{
					"listen": "test",
					"script": {
						"exec": [
							""
						],
						"type": "text/javascript"
					}
				},
				{
					"listen": "prerequest",
					"script": {
						"exec": [
							"console.log('Cancel payment v2');",
							""
						],
						"type": "text/javascript"
					}
				}
			],
			"request": {
				"auth": {
					"type": "bearer",
					"bearer": [
						{
							"key": "token",
							"value": "{{myTokenPaymentV2}}",
							"type": "string"
						}
					]
				},
				"method": "POST",
				"header": [],
				"body": {
					"mode": "raw",
					"raw": "{\n  \"creator\": \"salesperson/system\",\n  \"orderLines\": [\n    {\n        \"description\": \"Book\",\n        \"quantity\": 1,\n        \"quantityUnit\": \"pcs\",\n        \"vatRate\": 25,\n        \"totalAmountIncludingVat\": 500.0\n        }\n  ]\n}",
					"options": {
						"raw": {
							"language": "json"
						}
					}
				},
				"url": {
					"raw": "https://merchant-api.integration.resurs.com/v2/payments/{{payment_id}}/cancel",
					"protocol": "https",
					"host": [
						"merchant-api",
						"integration",
						"resurs",
						"com"
					],
					"path": [
						"v2",
						"payments",
						"{{payment_id}}",
						"cancel"
					]
				}
			},
			"response": []
		}
	]
}