<?xml version="1.0"?>
<!--
/**
 * Copyright 2016 Resurs Bank AB
 *
 * Licensed under the Apache License, Version 2.0 (the "License");
 * you may not use this file except in compliance with the License.
 * You may obtain a copy of the License at
 *
 * http://www.apache.org/licenses/LICENSE-2.0
 *
 * Unless required by applicable law or agreed to in writing, software
 * distributed under the License is distributed on an "AS IS" BASIS,
 * WITHOUT WARRANTIES OR CONDITIONS OF ANY KIND, either express or implied.
 * See the License for the specific language governing permissions and
 * limitations under the License.
 */
-->
<payment xmlns:xsi="http://www.w3.org/2001/XMLSchema-instance" xsi:noNamespaceSchemaLocation="urn:magento:module:Magento_Payment:etc/payment.xsd">
    <methods>
        <method name="resursbank_card">
            <allow_multiple_address>0</allow_multiple_address>
        </method>
        <method name="resursbank_invoice">
            <allow_multiple_address>0</allow_multiple_address>
        </method>
        <method name="resursbank_netscard">
            <allow_multiple_address>0</allow_multiple_address>
        </method>
        <method name="resursbank_newcard">
            <allow_multiple_address>0</allow_multiple_address>
        </method>
        <method name="resursbank_partpayment">
            <allow_multiple_address>0</allow_multiple_address>
        </method>
        <method name="resursbank_default">
            <allow_multiple_address>0</allow_multiple_address>
        </method>
    </methods>
</payment>
