<?xml version="1.0"?>
<!--
/**
 * Copyright 2016 Resurs Bank AB
 *
 * Licensed under the Apache License, Version 2.0 (the "License");
 * you may not use this file except in compliance with the License.
 * You may obtain a copy of the License at
 *
 * http://www.apache.org/licenses/LICENSE-2.0
 *
 * Unless required by applicable law or agreed to in writing, software
 * distributed under the License is distributed on an "AS IS" BASIS,
 * WITHOUT WARRANTIES OR CONDITIONS OF ANY KIND, either express or implied.
 * See the License for the specific language governing permissions and
 * limitations under the License.
 */
-->
<routes xmlns:xsi="http://www.w3.org/2001/XMLSchema-instance" xsi:noNamespaceSchemaLocation="urn:magento:module:Magento_Webapi:etc/webapi.xsd">

    <!-- Payment is unfrozen, which means it can be captured. -->
    <route url="/V1/omnicheckout/order/unfreeze" method="GET">
        <service class="Resursbank\OmniCheckout\Api\CallbackInterface" method="unfreeze"/>
        <resources>
            <resource ref="anonymous" />
        </resources>
    </route>

    <!-- Payment has been booked by Resursbank. This means the payment has been unfrozen and is preparing to be finalized. -->
    <route url="/V1/omnicheckout/order/booked" method="GET">
        <service class="Resursbank\OmniCheckout\Api\CallbackInterface" method="booked"/>
        <resources>
            <resource ref="anonymous" />
        </resources>
    </route>

    <!-- Payment has been finalized by Resursbank. This means the client has been debited by Resursbank. -->
    <route url="/V1/omnicheckout/order/finalization" method="GET">
        <service class="Resursbank\OmniCheckout\Api\CallbackInterface" method="finalization"/>
        <resources>
            <resource ref="anonymous" />
        </resources>
    </route>

    <!-- Payment passed automatic fraud screening from Resursbank. -->
    <route url="/V1/omnicheckout/order/automaticFraudControl" method="GET">
        <service class="Resursbank\OmniCheckout\Api\CallbackInterface" method="automaticFraudControl"/>
        <resources>
            <resource ref="anonymous" />
        </resources>
    </route>

    <!-- Payment has been fully annulled by Resursbank. This can for example occur if a fraud screening fails. -->
    <route url="/V1/omnicheckout/order/annulment" method="GET">
        <service class="Resursbank\OmniCheckout\Api\CallbackInterface" method="annulment"/>
        <resources>
            <resource ref="anonymous" />
        </resources>
    </route>

    <!-- Payment has been updated at Resursbank. -->
    <route url="/V1/omnicheckout/order/update" method="GET">
        <service class="Resursbank\OmniCheckout\Api\CallbackInterface" method="update"/>
        <resources>
            <resource ref="anonymous" />
        </resources>
    </route>

</routes>
