<component name="InspectionProjectProfileManager">
  <profile version="1.0">
    <option name="myName" value="EcomPHP" />
    <inspection_tool class="ArgumentEqualsDefaultValueInspection" enabled="true" level="WEAK WARNING" enabled_by_default="true" />
    <inspection_tool class="BadExceptionsProcessingInspection" enabled="true" level="WEAK WARNING" enabled_by_default="true" />
    <inspection_tool class="ClassOverridesFieldOfSuperClassInspection" enabled="true" level="WARNING" enabled_by_default="true" />
    <inspection_tool class="CompactCanBeUsedInspection" enabled="true" level="WEAK WARNING" enabled_by_default="true" />
    <inspection_tool class="DisallowWritingIntoStaticPropertiesInspection" enabled="true" level="WEAK WARNING" enabled_by_default="true" />
    <inspection_tool class="EfferentObjectCouplingInspection" enabled="true" level="WEAK WARNING" enabled_by_default="true" />
    <inspection_tool class="FixedTimeStartWithInspection" enabled="true" level="WARNING" enabled_by_default="true" />
    <inspection_tool class="ForgottenDebugOutputInspection" enabled="true" level="ERROR" enabled_by_default="true">
      <option name="configuration">
        <list>
          <option value="\Codeception\Util\Debug::debug" />
          <option value="\Codeception\Util\Debug::pause" />
          <option value="\Doctrine\Common\Util\Debug::dump" />
          <option value="\Doctrine\Common\Util\Debug::export" />
          <option value="\Illuminate\Support\Debug\Dumper::dump" />
          <option value="\Symfony\Component\Debug\Debug::enable" />
          <option value="\Symfony\Component\Debug\DebugClassLoader::enable" />
          <option value="\Symfony\Component\Debug\ErrorHandler::register" />
          <option value="\Symfony\Component\Debug\ExceptionHandler::register" />
          <option value="\TYPO3\CMS\Core\Utility\DebugUtility::debug" />
          <option value="\Zend\Debug\Debug::dump" />
          <option value="\Zend\Di\Display\Console::export" />
          <option value="dd" />
          <option value="debug_print_backtrace" />
          <option value="debug_zval_dump" />
          <option value="dpm" />
          <option value="dpq" />
          <option value="dsm" />
          <option value="dump" />
          <option value="dvm" />
          <option value="error_log" />
          <option value="kpr" />
          <option value="phpinfo" />
          <option value="print_r" />
          <option value="var_dump" />
          <option value="var_export" />
          <option value="wp_die" />
          <option value="xdebug_break" />
          <option value="xdebug_call_class" />
          <option value="xdebug_call_file" />
          <option value="xdebug_call_function" />
          <option value="xdebug_call_line" />
          <option value="xdebug_code_coverage_started" />
          <option value="xdebug_debug_zval" />
          <option value="xdebug_debug_zval_stdout" />
          <option value="xdebug_dump_superglobals" />
          <option value="xdebug_enable" />
          <option value="xdebug_get_code_coverage" />
          <option value="xdebug_get_collected_errors" />
          <option value="xdebug_get_declared_vars" />
          <option value="xdebug_get_function_stack" />
          <option value="xdebug_get_headers" />
          <option value="xdebug_get_monitored_functions" />
          <option value="xdebug_get_profiler_filename" />
          <option value="xdebug_get_stack_depth" />
          <option value="xdebug_get_tracefile_name" />
          <option value="xdebug_is_enabled" />
          <option value="xdebug_memory_usage" />
          <option value="xdebug_peak_memory_usage" />
          <option value="xdebug_print_function_stack" />
          <option value="xdebug_start_code_coverage" />
          <option value="xdebug_start_error_collection" />
          <option value="xdebug_start_function_monitor" />
          <option value="xdebug_start_trace" />
          <option value="xdebug_stop_code_coverage" />
          <option value="xdebug_stop_error_collection" />
          <option value="xdebug_stop_function_monitor" />
          <option value="xdebug_stop_trace" />
          <option value="xdebug_time_index" />
          <option value="xdebug_var_dump" />
        </list>
      </option>
      <option name="migratedIntoUserSpace" value="true" />
    </inspection_tool>
    <inspection_tool class="InvertedIfElseConstructsInspection" enabled="true" level="WEAK WARNING" enabled_by_default="true" />
    <inspection_tool class="IsNullFunctionUsageInspection" enabled="true" level="WARNING" enabled_by_default="true" />
    <inspection_tool class="LongInheritanceChainInspection" enabled="true" level="WARNING" enabled_by_default="true" />
    <inspection_tool class="MessDetectorValidationInspection" enabled="false" level="WEAK WARNING" enabled_by_default="false">
      <option name="CODESIZE" value="true" />
      <option name="CONTROVERSIAL" value="true" />
      <option name="DESIGN" value="true" />
      <option name="UNUSEDCODE" value="true" />
    </inspection_tool>
    <inspection_tool class="MultipleReturnStatementsInspection" enabled="true" level="WARNING" enabled_by_default="true" />
    <inspection_tool class="NestedAssignmentsUsageInspection" enabled="true" level="WEAK WARNING" enabled_by_default="true" />
    <inspection_tool class="OffsetOperationsInspection" enabled="true" level="ERROR" enabled_by_default="true" />
    <inspection_tool class="ParameterDefaultValueIsNotNullInspection" enabled="true" level="WEAK WARNING" enabled_by_default="true" />
    <inspection_tool class="PhpAccessStaticViaInstanceInspection" enabled="true" level="WEAK WARNING" enabled_by_default="true" />
    <inspection_tool class="PhpArgumentWithoutNamedIdentifierInspection" enabled="true" level="WEAK WARNING" enabled_by_default="true" />
    <inspection_tool class="PhpCSFixerValidationInspection" enabled="false" level="WEAK WARNING" enabled_by_default="false">
      <option name="CODING_STANDARD" value="PSR12" />
    </inspection_tool>
    <inspection_tool class="PhpCSValidationInspection" enabled="false" level="WEAK WARNING" enabled_by_default="false">
      <option name="CODING_STANDARD" value="PSR12" />
      <option name="EXTENSIONS" value="php,js,css,inc,phtml" />
    </inspection_tool>
    <inspection_tool class="PhpClassHasTooManyDeclaredMembersInspection" enabled="true" level="WEAK WARNING" enabled_by_default="true" />
    <inspection_tool class="PhpComplexClassInspection" enabled="true" level="WEAK WARNING" enabled_by_default="true" />
    <inspection_tool class="PhpComplexFunctionInspection" enabled="true" level="WEAK WARNING" enabled_by_default="true" />
    <inspection_tool class="PhpCompoundNamespaceDepthInspection" enabled="true" level="WEAK WARNING" enabled_by_default="true" />
    <inspection_tool class="PhpEnforceDocCommentInspection" enabled="true" level="WEAK WARNING" enabled_by_default="true" />
    <inspection_tool class="PhpFeatureEnvyLocalInspection" enabled="true" level="WEAK WARNING" enabled_by_default="true" />
    <inspection_tool class="PhpFunctionCyclomaticComplexityInspection" enabled="true" level="WEAK WARNING" enabled_by_default="true" />
    <inspection_tool class="PhpHalsteadMetricInspection" enabled="true" level="WEAK WARNING" enabled_by_default="true" />
    <inspection_tool class="PhpIllegalPsrClassPathInspection" enabled="true" level="WARNING" enabled_by_default="true">
      <scope name="Tests" level="WARNING" enabled="false" />
    </inspection_tool>
    <inspection_tool class="PhpLackOfCohesionInspection" enabled="true" level="WEAK WARNING" enabled_by_default="true" />
    <inspection_tool class="PhpLongTypeFormInspection" enabled="true" level="WEAK WARNING" enabled_by_default="true" />
    <inspection_tool class="PhpMethodOrClassCallIsNotCaseSensitiveInspection" enabled="true" level="WEAK WARNING" enabled_by_default="true" />
    <inspection_tool class="PhpMissingDocCommentInspection" enabled="true" level="WEAK WARNING" enabled_by_default="true" />
    <inspection_tool class="PhpMissingParentCallCommonInspection" enabled="true" level="WEAK WARNING" enabled_by_default="true" />
    <inspection_tool class="PhpMissingParentCallMagicInspection" enabled="true" level="WEAK WARNING" enabled_by_default="true" />
    <inspection_tool class="PhpMissingStrictTypesDeclarationInspection" enabled="true" level="WEAK WARNING" enabled_by_default="true" />
    <inspection_tool class="PhpMissingVisibilityInspection" enabled="true" level="WEAK WARNING" enabled_by_default="true" />
    <inspection_tool class="PhpModifierOrderInspection" enabled="true" level="WEAK WARNING" enabled_by_default="true" />
    <inspection_tool class="PhpMultipleClassDeclarationsInspection" enabled="false" level="WEAK WARNING" enabled_by_default="false" />
    <inspection_tool class="PhpNamedArgumentsWithChangedOrderInspection" enabled="false" level="WEAK WARNING" enabled_by_default="false" />
    <inspection_tool class="PhpNewClassMissingParameterListInspection" enabled="true" level="WEAK WARNING" enabled_by_default="true" />
    <inspection_tool class="PhpNonCanonicalElementsOrderInspection" enabled="true" level="WEAK WARNING" enabled_by_default="true" />
    <inspection_tool class="PhpOverridingMethodVisibilityInspection" enabled="true" level="WEAK WARNING" enabled_by_default="true" />
    <inspection_tool class="PhpPropertyNamingConventionInspection" enabled="false" level="WEAK WARNING" enabled_by_default="false">
      <option name="m_minLength" value="1" />
      <option name="m_maxLength" value="32" />
    </inspection_tool>
    <inspection_tool class="PhpRedundantOptionalArgumentInspection" enabled="false" level="WEAK WARNING" enabled_by_default="false" />
    <inspection_tool class="PhpRedundantVariableDocTypeInspection" enabled="false" level="WEAK WARNING" enabled_by_default="false" />
    <inspection_tool class="PhpRegExpRedundantModifierInspection" enabled="false" level="WEAK WARNING" enabled_by_default="false" />
    <inspection_tool class="PhpSeparateElseIfInspection" enabled="true" level="WEAK WARNING" enabled_by_default="true" />
    <inspection_tool class="PhpSingleStatementWithBracesInspection" enabled="false" level="INFORMATION" enabled_by_default="false" />
    <inspection_tool class="PhpStaticAsDynamicMethodCallInspection" enabled="true" level="WEAK WARNING" enabled_by_default="true" editorAttributes="INFO_ATTRIBUTES">
      <scope name="Tests" level="WEAK WARNING" enabled="false" editorAttributes="ERRORS_ATTRIBUTES" />
    </inspection_tool>
    <inspection_tool class="PhpTooManyParametersInspection" enabled="true" level="WEAK WARNING" enabled_by_default="true" />
    <inspection_tool class="PhpTraditionalSyntaxArrayLiteralInspection" enabled="true" level="WEAK WARNING" enabled_by_default="true" />
    <inspection_tool class="PhpTraitsUseListInspection" enabled="true" level="WEAK WARNING" enabled_by_default="true" />
    <inspection_tool class="PhpUndefinedCallbackInspection" enabled="true" level="WARNING" enabled_by_default="true" />
    <inspection_tool class="PhpUnnecessaryBoolCastInspection" enabled="false" level="WEAK WARNING" enabled_by_default="false" />
    <inspection_tool class="PhpUnnecessaryDoubleQuotesInspection" enabled="true" level="WEAK WARNING" enabled_by_default="true" />
    <inspection_tool class="PhpUsageOfSilenceOperatorInspection" enabled="true" level="WEAK WARNING" enabled_by_default="true" />
    <inspection_tool class="PhpVarUsageInspection" enabled="true" level="WEAK WARNING" enabled_by_default="true" />
    <inspection_tool class="PhpVariableNamingConventionInspection" enabled="false" level="WEAK WARNING" enabled_by_default="false">
      <option name="m_minLength" value="1" />
      <option name="m_maxLength" value="32" />
    </inspection_tool>
    <inspection_tool class="PhpVariableVariableInspection" enabled="true" level="WEAK WARNING" enabled_by_default="true" />
    <inspection_tool class="PropertyCanBeStaticInspection" enabled="true" level="WEAK WARNING" enabled_by_default="true" />
    <inspection_tool class="PsalmGlobal" enabled="false" level="WEAK WARNING" enabled_by_default="false">
      <option name="showInfo" value="true" />
      <option name="findUnusedCode" value="true" />
      <option name="findUnusedSuppress" value="true" />
    </inspection_tool>
    <inspection_tool class="SecurityAdvisoriesInspection" enabled="true" level="WARNING" enabled_by_default="true">
      <option name="optionConfiguration">
        <list>
          <option value="barryvdh/laravel-debugbar" />
          <option value="behat/behat" />
          <option value="brianium/paratest" />
          <option value="codeception/codeception" />
          <option value="codedungeon/phpunit-result-printer" />
          <option value="composer/composer" />
          <option value="doctrine/coding-standard" />
          <option value="filp/whoops" />
          <option value="friendsofphp/php-cs-fixer" />
          <option value="humbug/humbug" />
          <option value="infection/infection" />
          <option value="jakub-onderka/php-parallel-lint" />
          <option value="johnkary/phpunit-speedtrap" />
          <option value="kalessil/production-dependencies-guard" />
          <option value="mikey179/vfsStream" />
          <option value="mockery/mockery" />
          <option value="mybuilder/phpunit-accelerator" />
          <option value="orchestra/testbench" />
          <option value="pdepend/pdepend" />
          <option value="phan/phan" />
          <option value="phing/phing" />
          <option value="phpcompatibility/php-compatibility" />
          <option value="phpmd/phpmd" />
          <option value="phpro/grumphp" />
          <option value="phpspec/phpspec" />
          <option value="phpspec/prophecy" />
          <option value="phpstan/phpstan" />
          <option value="phpunit/phpunit" />
          <option value="povils/phpmnd" />
          <option value="roave/security-advisories" />
          <option value="satooshi/php-coveralls" />
          <option value="sebastian/phpcpd" />
          <option value="slevomat/coding-standard" />
          <option value="spatie/phpunit-watcher" />
          <option value="squizlabs/php_codesniffer" />
          <option value="sstalle/php7cc" />
          <option value="symfony/debug" />
          <option value="symfony/maker-bundle" />
          <option value="symfony/phpunit-bridge" />
          <option value="symfony/var-dumper" />
          <option value="vimeo/psalm" />
          <option value="wimg/php-compatibility" />
          <option value="wp-coding-standards/wpcs" />
          <option value="yiisoft/yii2-coding-standards" />
          <option value="yiisoft/yii2-debug" />
          <option value="yiisoft/yii2-gii" />
          <option value="zendframework/zend-coding-standard" />
          <option value="zendframework/zend-debug" />
          <option value="zendframework/zend-test" />
        </list>
      </option>
    </inspection_tool>
    <inspection_tool class="ShortEchoTagCanBeUsedInspection" enabled="true" level="WEAK WARNING" enabled_by_default="true" />
    <inspection_tool class="UnNecessaryDoubleQuotesInspection" enabled="true" level="WEAK WARNING" enabled_by_default="true" />
    <inspection_tool class="UnqualifiedReferenceInspection" enabled="true" level="WEAK WARNING" enabled_by_default="true" />
    <inspection_tool class="UntrustedInclusionInspection" enabled="true" level="ERROR" enabled_by_default="true" />
    <inspection_tool class="UsingInclusionReturnValueInspection" enabled="true" level="WEAK WARNING" enabled_by_default="true" />
  </profile>
</component>