<?xml version="1.0"?>
<ruleset name="EcomPHP Source"
         xmlns="http://pmd.sf.net/ruleset/1.0.0"
         xmlns:xsi="http://www.w3.org/2001/XMLSchema-instance"
         xsi:schemaLocation="http://pmd.sf.net/ruleset/1.0.0
                     http://pmd.sf.net/ruleset_xml_schema.xsd"
         xsi:noNamespaceSchemaLocation="
                     http://pmd.sf.net/ruleset_xml_schema.xsd">
    <description>
        Ecom PHPMD Ruleset applying to src files.
    </description>

    <rule ref="rulesets/codesize.xml">
    </rule>
    <rule ref="rulesets/cleancode.xml">
        <exclude name="StaticAccess" />
    </rule>
    <rule ref="rulesets/controversial.xml">
    </rule>
    <rule ref="rulesets/design.xml">
        <exclude name="CouplingBetweenObjects" />
    </rule>
    <rule ref="rulesets/naming.xml">
        <exclude name="ShortVariable" />
    </rule>
    <rule ref="rulesets/unusedcode.xml" />
    <rule ref="rulesets/naming.xml/ShortVariable">
        <properties>
            <property name="exceptions" value="id,ch,ip,en,sv,da,fi,no,js"/>
        </properties>
    </rule>

    <exclude-pattern>Lib/Order/CountryCode.php</exclude-pattern>
    <exclude-pattern>Lib/Network/ContentType.php</exclude-pattern>
    <exclude-pattern>Lib/Model/PaymentMethod/ApplicationFormSpecResponse/ApplicationFormSpecElementResponse/Type.php</exclude-pattern>
</ruleset>