<?xml version="1.0"?>
<ruleset name="Source files"
         xmlns="http://pmd.sf.net/ruleset/1.0.0"
         xmlns:xsi="http://www.w3.org/2001/XMLSchema-instance"
         xsi:schemaLocation="http://pmd.sf.net/ruleset/1.0.0
                     http://pmd.sf.net/ruleset_xml_schema.xsd"
         xsi:noNamespaceSchemaLocation="
                     http://pmd.sf.net/ruleset_xml_schema.xsd">
    <description>
        PHPMD Ruleset applying to src files.
    </description>

    <rule ref="rulesets/codesize.xml">
    </rule>
    <rule ref="rulesets/cleancode.xml">
        <exclude name="StaticAccess" />
    </rule>
    <rule ref="rulesets/controversial.xml">
    </rule>
    <rule ref="rulesets/design.xml">
        <exclude name="CouplingBetweenObjects" />
    </rule>
    <rule ref="rulesets/naming.xml">
        <exclude name="ShortVariable" />
    </rule>
    <rule ref="rulesets/unusedcode.xml" />
    <rule ref="rulesets/naming.xml/ShortVariable">
        <properties>
            <property name="exceptions" value="id,ch,ip,en,sv,da,fi,no"/>
        </properties>
    </rule>

    <exclude-pattern>Service/*</exclude-pattern>
    <exclude-pattern>ResursBank/*</exclude-pattern>
    <exclude-pattern>Gateway/*</exclude-pattern>
    <exclude-pattern>Module/*</exclude-pattern>
</ruleset>